Nome,Categoria,Telefone,Endereço,Site,Instagram,Avaliação,Status
"MR Fisioterapia","Policlínica","+55 17 3225-1791","R. Josina Teixeira de Carvalho, 367 - Vila Anchieta, São José do Rio Preto - SP, 15050-305","","","5","novo"
"CLÍNICA DE FISIOTERAPIA UNIFISIO RIO PRETO","Policlínica","+55 17 3304-5043","Rua Marechal Deodoro da Fonseca, 3527 - Vila Santa Cruz, São José do Rio Preto - SP, 15014-060","","","4.5","novo"
"Nd Fisioterapia","Fisioterapeuta","+55 17 99721-6373","R. Santa Maria, 575 - Vila Aurora, São José do Rio Preto - SP, 15014-330","","","5","novo"
"CLINICA DE FISIOTERAPIA ALINE ZANELLA","Policlínica","+55 17 3234-6197","Av. da Luz, 821 - Jardim Alto Rio Preto, São José do Rio Preto - SP, 15020-360","","","5","novo"
"La Fisio - clínica de Fisioterapia","Policlínica","+55 17 3232-6434","R. Independência, 2414 - Boa Vista, São José do Rio Preto - SP, 15025-095","","","5","novo"
"PRO7 - Reabilitação Neurofuncional e Clínicas Integradas","Policlínica","+55 17 3234-2491","R. João Antônio Sicoli, 245 - Jardim Maracanã, São José do Rio Preto - SP, 15092-050","","","4.9","novo"
"Dra Bruna Lombardi Fisioterapia Pélvica","Policlínica","+55 17 99275-4554","Av. Romeu Strazzi, 325 - Sala 102 - Vila Sinibaldi, São José do Rio Preto - SP, 15084-010","","","5","novo"
"Espaço GZ - Fisioterapia Integrada","Policlínica","+55 17 99137-3514","R. Olávo Bilac, 225 - Vila Diniz, São José do Rio Preto - SP, 15013-210","","","5","novo"
"Clínica de Fisioterapia Márcio Jensen","Fisioterapeuta","+55 17 3353-6198","R. Rio Preto, 3258 - Vila Redentora, São José do Rio Preto - SP, 15015-760","","","4.7","novo"
"Regenera Fisioterapia Pélvica Especializada","Fisioterapeuta","+55 17 98205-7272","R. Paquetá, 2250 - Vila Nossa Sra. da Paz, São José do Rio Preto - SP, 15025-180","","","5","novo"
"Vila Amrita - Fisioterapia Especializada em Pilates Clínico, Fisioterapia Gestacional e Pélvica, Terapia Manual, Yoga.","Policlínica","+55 17 99250-9681","R. Tupi, 125 - Nova Redentora, São José do Rio Preto - SP, 15085-450","","","5","novo"
"Dra. Adriana Castro - Fisioterapeuta Pélvica e Obstétrica","Fisioterapeuta","+55 17 99767-8926","Rua Marechal Deodoro da Fonseca, 3925 - Vila Santa Cruz, São José do Rio Preto - SP, 15014-060","","","5","novo"
"Clirf Clínica De Reabilitação Em Fisioterapia","Policlínica","+55 17 99721-5827","R. Frei Baltazar XIX, 177 - Sl 03 - Boa Vista, São José do Rio Preto - SP, 15025-300","","","5","novo"
"Cordial Pro Pilates/ Reabilitação/ Osteopatia","Policlínica","+55 17 99772-6959","R. Delegado Pinto de Tolêdo, 3250 - Centro, São José do Rio Preto - SP, 15010-080","","","5","novo"
"Fisioterapia e Pilates","Policlínica","+55 17 98817-7190","Av. Adolfo Lutz, 835 - Vila Santa Cruz, São José do Rio Preto - SP, 15014-140","","","5","novo"
"Clínica de Fisioterapia Vivien Zanfolin em São José do Rio Preto-SP","Policlínica","+55 17 98137-1009","R. Cap. José Verdi, 1730 - Boa Vista, São José do Rio Preto - SP, 15025-530","","","5","novo"
"Fisioterapia Sandra Cruciol","Policlínica","+55 17 99195-3797","R. São Simão, 276 - Jardim Santa Catarina, São José do Rio Preto - SP, 15080-150","","","4.7","novo"
"Dra. Talita Melo - Fisioterapia e Reabilitação","Fisioterapeuta","+55 17 4141-6198","R. Rio Preto, 3258 - Sl 2 - Vila Redentora, São José do Rio Preto - SP, 15015-760","","","5","novo"
"Clínica Reabilitar","Policlínica","+55 17 3222-1862","R. Luiz Antônio da Silveira, 1812 - Boa Vista, São José do Rio Preto - SP, 15025-020","","","4.2","novo"
"Fisioterapeuta Leonardo Pires - Fisioterapia e Osteopatia","Policlínica","+55 17 99772-6959","R. Delegado Pinto de Tolêdo, 3250 - Centro, São José do Rio Preto - SP, 15010-080","","","5","novo"
"Clínica Sua Neurofuncional","Policlínica","+55 17 3212-8056","R. Prudente de Moraes, 3507 - Vila Ercilia, São José do Rio Preto - SP, 15014-010","","","4.8","novo"
"Fisioterapia Rio Preto - Clinica Santa Rita","Médico","+55 17 3011-5089","R. Siqueira Campos, 2261 - sala8 - Boa Vista, São José do Rio Preto - SP, 15010-040","","","5","novo"
"Clínica Atlas Fisioterapia e Pilates","Fisioterapeuta","","R. Pernambuco, 2816 - Vila Redentora, São José do Rio Preto - SP, 15015-770","","","5","novo"
"Fisioterapia Respiratória | Dr Paulo Corrêa","Policlínica","+55 17 98145-4516","Av. Emílio Trevisan, 655 - Sl 804 - Bom Jardim, São José do Rio Preto - SP, 15084-010","","","5","novo"
"Clínica Inclusiva","Serviços","+55 17 3222-2648","R. Cel. Spínola de Castro, 3845 - Vila Redentora, São José do Rio Preto - SP, 15015-500","","","3.8","novo"
"Fisioterapia Maxx , fisioterapia pélvica , estética e forense","Fisioterapeuta","+55 17 98807-2017","R. São Valdomir, 441 - Jardim Santa Luzia, São José do Rio Preto - SP, 15080-070","","","","novo"
"Dra Paula Medina Osteopatia Pediátrica e Tratamento para Escoliose","Policlínica","+55 17 99193-0432","R. Delegado Pinto de Tolêdo, 3250 - Centro, São José do Rio Preto - SP, 15010-080","","","5","novo"
"Centro Integrado de Ortopedia e Reabilitação Física S/C Ltda","Laboratório médico","+55 17 3224-0689","R. Cel. Neca Medeiros, 540 - Parque Celeste, São José do Rio Preto - SP, 15070-440","","","2.9","novo"